rho,c_switch,mi_composite,mi_decomp,mi_gap,oracle_cost,always_a_cost,always_b_cost,max_possible_gap,policy_gap,policy_gap_stderr,policy_gap_frac_of_max,hop2_burst_length
0.0,0.05,0.08627153460337733,0.11255751439483816,0.02628597979146083,0.03347970656794185,0.08,0.052038461538461665,0.018558754970519814,0.002731186666666656,0.0009807018721053197,0.1471643260016681,2.0
0.0,0.1,0.08627153460337733,0.11255751439483816,0.02628597979146083,0.03539592760180995,0.08,0.052038461538461665,0.016642533936651716,-0.00026167166666666436,0.0009740696124721817,-0.015723066431031094,2.0
0.0,0.2,0.08627153460337733,0.11255751439483816,0.02628597979146083,0.039228369669546154,0.08,0.052038461538461665,0.012810091868915512,0.0006977299999999936,0.00109040328300967,0.05446721281469332,2.0
0.18,0.05,0.0870831425544335,0.11246354374520268,0.025380401190769175,0.03291799060682378,0.08,0.051735644578638336,0.018817653971814556,0.0004702666666666702,0.0009579238499621822,0.024990717087849775,2.0
0.18,0.1,0.0870831425544335,0.11246354374520268,0.025380401190769175,0.034832101429372354,0.08,0.051735644578638336,0.01690354314926598,0.0015440083333333326,0.0009518100341826333,0.09134228958384856,2.0
0.18,0.2,0.0870831425544335,0.11246354374520268,0.025380401190769175,0.03866032307446949,0.08,0.051735644578638336,0.013075321504168846,0.0009010833333333371,0.0010893240235837188,0.06891481276739862,2.0
0.36,0.05,0.08798925141776007,0.11217960007971042,0.024190348661950356,0.03232486258788467,0.08,0.051396373262041585,0.019071510674156918,0.00015107666666668018,0.0009429471683148283,0.007921588868751675,2.0
0.36,0.1,0.08798925141776007,0.11217960007971042,0.024190348661950356,0.03423803473915712,0.08,0.051396373262041585,0.017158338522884467,0.0014012883333333268,0.0010308187368563062,0.0816680666058894,2.0
0.36,0.2,0.08798925141776007,0.11217960007971042,0.024190348661950356,0.03806437904170204,0.08,0.051396373262041585,0.013331994220339545,0.00026504499999999154,0.0010384302165489028,0.019880371654799688,2.0
0.54,0.05,0.08900733818578715,0.11168797075969372,0.022680632573906567,0.031693883270860534,0.08,0.05101364319033515,0.019319759919474613,0.0006075950000000094,0.0009229100909831535,0.03144940737009596,2.0
0.54,0.1,0.08900733818578715,0.11168797075969372,0.022680632573906567,0.03360749749966836,0.08,0.05101364319033515,0.017406145690666786,0.0014496083333333243,0.0009558562488449785,0.08328140871017801,2.0
0.54,0.2,0.08900733818578715,0.11168797075969372,0.022680632573906567,0.03743472595728402,0.08,0.05101364319033515,0.01357891723305113,0.0007494666666666705,0.001091669705998696,0.0551934041428919,2.0
0.72,0.05,0.090159456100188,0.11095364562392968,0.02079418952374168,0.03101685687223759,0.08000000000000003,0.050578532722800926,0.019561675850563336,0.0013294249999999952,0.0009130103306433115,0.06796069059500905,2.0
0.72,0.1,0.090159456100188,0.11095364562392968,0.02079418952374168,0.032932560637123874,0.08000000000000003,0.050578532722800926,0.01764597208567705,0.0006213933333333449,0.0010473033279056253,0.03521445745897557,2.0
0.72,0.2,0.090159456100188,0.11095364562392968,0.02079418952374168,0.036763968166896435,0.08000000000000003,0.050578532722800926,0.01381456455590449,0.0012144916666666644,0.0011460393196717053,0.0879138579976144,2.0
0.9,0.05,0.09147382973239032,0.10992248151913953,0.018448651786749204,0.030283185805231545,0.08,0.05007949880604231,0.019796313000810764,0.0019559766666666645,0.0008669064272941663,0.09880509903973315,2.0
0.9,0.1,0.09147382973239032,0.10992248151913953,0.018448651786749204,0.03220297189015369,0.08,0.05007949880604231,0.01787652691588862,0.0012237216666666773,0.0010665989602141237,0.06845410590236273,2.0
0.9,0.2,0.09147382973239032,0.10992248151913953,0.018448651786749204,0.03604254405999799,0.08,0.05007949880604231,0.01403695474604432,-0.00011366666666667163,0.0010979904406883264,-0.008097672801766596,2.0
0.0,0.05,0.16044740865059004,0.1998658876039595,0.039418478953369473,0.03601717711878141,0.07999999999999999,0.08236363636363504,0.043982822881218575,0.0,1.7991267463384316e-18,0.0,5.0
0.0,0.1,0.16044740865059004,0.1998658876039595,0.039418478953369473,0.037828877005347615,0.07999999999999999,0.08236363636363504,0.04217112299465237,0.0,1.7991267463384316e-18,0.0,5.0
0.0,0.2,0.16044740865059004,0.1998658876039595,0.039418478953369473,0.04145227677848002,0.07999999999999999,0.08236363636363504,0.03854772322151997,-3.170666666665878e-05,9.335425087530236e-05,-0.0008225302045584356,5.0
0.18,0.05,0.1615884382214213,0.1998009262126424,0.038212487991221095,0.03544464877695966,0.08,0.08202712379986618,0.04455535122304034,0.0,1.7991267463384316e-18,0.0,5.0
0.18,0.1,0.1615884382214213,0.1998009262126424,0.038212487991221095,0.03725603875537539,0.08,0.08202712379986618,0.04274396124462461,0.0,1.7991267463384316e-18,0.0,5.0
0.18,0.2,0.1615884382214213,0.1998009262126424,0.038212487991221095,0.040878818712206846,0.08,0.08202712379986618,0.039121181287793155,-0.00018564499999999817,0.00015261524846406376,-0.00474538329081398,5.0
0.36,0.05,0.16279340605396164,0.19960849965573596,0.03681509360177432,0.034854265617427056,0.08000000000000002,0.08167105778009676,0.04514573438257296,0.0,1.7991267463384316e-18,0.0,5.0
0.36,0.1,0.16279340605396164,0.19960849965573596,0.03681509360177432,0.03666593447582731,0.08000000000000002,0.08167105778009676,0.0433340655241727,0.0,1.7991267463384316e-18,0.0,5.0
0.36,0.2,0.16279340605396164,0.19960849965573596,0.03681509360177432,0.040289272192627845,0.08000000000000002,0.08167105778009676,0.03971072780737217,-0.0002832066666666605,0.0001899721599519645,-0.00713174203304539,5.0
0.54,0.05,0.16406782273410747,0.19928821159852445,0.035220388864416974,0.03424425854745473,0.07999999999999999,0.08129368304396019,0.04575574145254526,0.0,1.7991267463384316e-18,0.0,5.0
0.54,0.1,0.16406782273410747,0.19928821159852445,0.035220388864416974,0.03605684138006367,0.07999999999999999,0.08129368304396019,0.04394315861993632,0.0,1.7991267463384316e-18,0.0,5.0
0.54,0.2,0.16406782273410747,0.19928821159852445,0.035220388864416974,0.03968200704528157,0.07999999999999999,0.08129368304396019,0.04031799295471842,-0.00010277333333331973,6.686160286742834e-05,-0.0025490686862499725,5.0
0.72,0.05,0.16541784813168137,0.19883540170108455,0.03341755356940318,0.03361264258757581,0.08,0.08089302776431363,0.04638735741242419,0.0,1.7991267463384316e-18,0.0,5.0
0.72,0.1,0.16541784813168137,0.19883540170108455,0.03341755356940318,0.03542682660198915,0.08,0.08089302776431363,0.044573173398010854,0.0,1.7991267463384316e-18,0.0,5.0
0.72,0.2,0.16541784813168137,0.19883540170108455,0.03341755356940318,0.039055194630815804,0.08,0.08089302776431363,0.0409448053691842,4.292999999999658e-05,4.400022457607477e-05,0.0010484846517870244,5.0
0.9,0.05,0.1668503894207296,0.19824186622033513,0.03139147679960552,0.03295718247362379,0.08,0.08046686908376616,0.047042817526376214,0.0,1.7991267463384316e-18,0.0,5.0
0.9,0.1,0.1668503894207296,0.19824186622033513,0.03139147679960552,0.034773713720554975,0.08,0.08046686908376616,0.04522628627944503,0.0,1.7991267463384316e-18,0.0,5.0
0.9,0.2,0.1668503894207296,0.19824186622033513,0.03139147679960552,0.03840677621441736,0.08,0.08046686908376616,0.04159322378558264,-0.00021745666666667107,0.0001500958102824043,-0.0052281753342246955,5.0
0.0,0.05,0.23719297152695312,0.28558403976895136,0.048391068241998236,0.039682412358882986,0.07999999999999999,0.12616666666666906,0.040317587641117,0.0,1.7991267463384316e-18,0.0,10.0
0.0,0.1,0.23719297152695312,0.28558403976895136,0.048391068241998236,0.04134313725490201,0.07999999999999999,0.12616666666666906,0.03865686274509798,0.0,1.7991267463384316e-18,0.0,10.0
0.0,0.2,0.23719297152695312,0.28558403976895136,0.048391068241998236,0.04466458704694004,0.07999999999999999,0.12616666666666906,0.03533541295305995,0.0,1.7991267463384316e-18,0.0,10.0
0.18,0.05,0.23852889997164928,0.28554479314012904,0.04701589316847976,0.039141783240941454,0.08,0.12583904332413484,0.04085821675905855,0.0,1.7991267463384316e-18,0.0,10.0
0.18,0.1,0.23852889997164928,0.28554479314012904,0.04701589316847976,0.04080286686707665,0.08,0.12583904332413484,0.039197133132923355,0.0,1.7991267463384316e-18,0.0,10.0
0.18,0.2,0.23852889997164928,0.28554479314012904,0.04701589316847976,0.044125034119347054,0.08,0.12583904332413484,0.03587496588065295,0.0,1.7991267463384316e-18,0.0,10.0
0.36,0.05,0.23990777699910354,0.2854279093651767,0.04552013236607316,0.038590418767859604,0.08,0.12550052461110298,0.0414095812321404,0.0,1.7991267463384316e-18,0.0,10.0
0.36,0.1,0.23990777699910354,0.2854279093651767,0.04552013236607316,0.04025215823856857,0.08,0.12550052461110298,0.03974784176143143,0.0,1.7991267463384316e-18,0.0,10.0
0.36,0.2,0.23990777699910354,0.2854279093651767,0.04552013236607316,0.0435756371799865,0.08,0.12550052461110298,0.0364243628200135,0.0,1.7991267463384316e-18,0.0,10.0
0.54,0.05,0.24133170133617943,0.28523367577722186,0.043901974441042435,0.0380276971879744,0.07999999999999999,0.12515055783638354,0.04197230281202559,0.0,1.7991267463384316e-18,0.0,10.0
0.54,0.1,0.24133170133617943,0.28523367577722186,0.043901974441042435,0.03969040165099891,0.07999999999999999,0.12515055783638354,0.04030959834900108,0.0,1.7991267463384316e-18,0.0,10.0
0.54,0.2,0.24133170133617943,0.28523367577722186,0.043901974441042435,0.04301581057704791,0.07999999999999999,0.12515055783638354,0.03698418942295208,0.0,1.7991267463384316e-18,0.0,10.0
0.72,0.05,0.24280291022460454,0.28496125888377677,0.04215834865917223,0.03745295506626671,0.07999999999999999,0.12478855228388108,0.04254704493373328,0.0,1.7991267463384316e-18,0.0,10.0
0.72,0.1,0.24280291022460454,0.28496125888377677,0.04215834865917223,0.03911694657354387,0.07999999999999999,0.12478855228388108,0.040883053426456116,0.0,1.7991267463384316e-18,0.0,10.0
0.72,0.2,0.24280291022460454,0.28496125888377677,0.04215834865917223,0.042444929588098174,0.07999999999999999,0.12478855228388108,0.037555070411901814,0.0,1.7991267463384316e-18,0.0,10.0
0.9,0.05,0.24432379099050316,0.28460887281019753,0.04028508181969437,0.03686548361759903,0.08,0.12441387588524683,0.04313451638240097,0.0,1.7991267463384316e-18,0.0,10.0
0.9,0.1,0.24432379099050316,0.28460887281019753,0.04028508181969437,0.03853109807162197,0.08,0.12441387588524683,0.04146890192837803,0.0,1.7991267463384316e-18,0.0,10.0
0.9,0.2,0.24432379099050316,0.28460887281019753,0.04028508181969437,0.041862326979667866,0.08,0.12441387588524683,0.038137673020332136,0.0,1.7991267463384316e-18,0.0,10.0
0.0,0.05,0.3084697335435542,0.36168655359539265,0.05321682005183842,0.045442067736185573,0.07999999999999999,0.19499999999999856,0.034557932263814414,0.0,1.7991267463384316e-18,0.0,20.0
0.0,0.1,0.3084697335435542,0.36168655359539265,0.05321682005183842,0.046865546218487604,0.07999999999999999,0.19499999999999856,0.033134453781512384,0.0,1.7991267463384316e-18,0.0,20.0
0.0,0.2,0.3084697335435542,0.36168655359539265,0.05321682005183842,0.04971250318309163,0.07999999999999999,0.19499999999999856,0.030287496816908357,0.0,1.7991267463384316e-18,0.0,20.0
0.18,0.05,0.3098680924546364,0.361665898209876,0.05179780575523957,0.044971243647920864,0.08000000000000002,0.19471018232067078,0.03502875635207915,0.0,1.7991267463384316e-18,0.0,20.0
0.18,0.1,0.3098680924546364,0.361665898209876,0.05179780575523957,0.04639533158507779,0.08000000000000002,0.19471018232067078,0.033604668414922226,0.0,1.7991267463384316e-18,0.0,20.0
0.18,0.2,0.3098680924546364,0.361665898209876,0.05179780575523957,0.049243507459391656,0.08000000000000002,0.19471018232067078,0.03075649254060836,0.0,1.7991267463384316e-18,0.0,20.0
0.36,0.05,0.31129346749689296,0.36160388666945864,0.05031041917256568,0.044494090071689626,0.08000000000000002,0.19441460041291453,0.03550590992831039,0.0,1.7991267463384316e-18,0.0,20.0
0.36,0.1,0.31129346749689296,0.36160388666945864,0.05031041917256568,0.045918919065746605,0.08000000000000002,0.19441460041291453,0.03408108093425341,0.0,1.7991267463384316e-18,0.0,20.0
0.36,0.2,0.31129346749689296,0.36160388666945864,0.05031041917256568,0.048768577053860576,0.08000000000000002,0.19441460041291453,0.03123142294613944,0.0,1.7991267463384316e-18,0.0,20.0
0.54,0.05,0.3127466475744917,0.36150027026112375,0.048753622686632025,0.04401038416259434,0.08,0.1941130805809513,0.03598961583740566,0.0,1.7991267463384316e-18,0.0,20.0
0.54,0.1,0.3127466475744917,0.36150027026112375,0.048753622686632025,0.0454360885168059,0.08,0.1941130805809513,0.0345639114831941,0.0,1.7991267463384316e-18,0.0,20.0
0.54,0.2,0.3127466475744917,0.36150027026112375,0.048753622686632025,0.04828749722522904,0.08,0.1941130805809513,0.03171250277477096,0.0,1.7991267463384316e-18,0.0,20.0
0.72,0.05,0.3142284525343052,0.36135457678352245,0.04712612424921725,0.043519894483089,0.08000000000000002,0.1938054420794819,0.03648010551691101,0.0,1.7991267463384316e-18,0.0,20.0
0.72,0.1,0.3142284525343052,0.36135457678352245,0.04712612424921725,0.04494661132932963,0.08000000000000002,0.1938054420794819,0.035053388670670385,0.0,1.7991267463384316e-18,0.0,20.0
0.72,0.2,0.3142284525343052,0.36135457678352245,0.04712612424921725,0.0478000450218109,0.08000000000000002,0.1938054420794819,0.032199954978189116,0.0,1.7991267463384316e-18,0.0,20.0
0.9,0.05,0.315739734693674,0.3611661262933241,0.04542639159965012,0.043022380554675145,0.07999999999999999,0.193491496752364,0.03697761944532484,0.0,1.7991267463384316e-18,0.0,20.0
0.9,0.1,0.315739734693674,0.3611661262933241,0.04542639159965012,0.04445024998706831,0.07999999999999999,0.193491496752364,0.035549750012931675,0.0,1.7991267463384316e-18,0.0,20.0
0.9,0.2,0.315739734693674,0.3611661262933241,0.04542639159965012,0.04730598885185469,0.07999999999999999,0.193491496752364,0.0326940111481453,0.0,1.7991267463384316e-18,0.0,20.0
0.0,0.05,0.3362346031670187,0.38808519232425354,0.05185058915723484,0.05312160823925509,0.08,0.2867777777777738,0.026878391760744913,0.0,1.7991267463384316e-18,0.0,40.0
0.0,0.1,0.3362346031670187,0.38808519232425354,0.05185058915723484,0.054228758169934416,0.08,0.2867777777777738,0.025771241830065586,0.0,1.7991267463384316e-18,0.0,40.0
0.0,0.2,0.3362346031670187,0.38808519232425354,0.05185058915723484,0.05644305803129307,0.08,0.2867777777777738,0.023556941968706932,0.0,1.7991267463384316e-18,0.0,40.0
0.18,0.05,0.33750752563992326,0.38807552517745514,0.05056799953753188,0.05275238208852858,0.08,0.2865486940245473,0.02724761791147142,0.0,1.7991267463384316e-18,0.0,40.0
0.18,0.1,0.33750752563992326,0.38807552517745514,0.05056799953753188,0.05386012920903649,0.08,0.2865486940245473,0.026139870790963513,0.0,1.7991267463384316e-18,0.0,40.0
0.18,0.2,0.33750752563992326,0.38807552517745514,0.05056799953753188,0.05607562345005228,0.08,0.2865486940245473,0.023924376549947723,0.0,1.7991267463384316e-18,0.0,40.0
0.36,0.05,0.3387965541430097,0.38804634019131357,0.04924978604830388,0.052379453358747635,0.08000000000000002,0.28631664377180865,0.02762054664125238,0.0,1.7991267463384316e-18,0.0,40.0
0.36,0.1,0.3387965541430097,0.38804634019131357,0.04924978604830388,0.05348784787012956,0.08000000000000002,0.28631664377180865,0.02651215212987046,0.0,1.7991267463384316e-18,0.0,40.0
0.36,0.2,0.3387965541430097,0.38804634019131357,0.04924978604830388,0.05570463689289343,0.08000000000000002,0.28631664377180865,0.024295363107106588,0.0,1.7991267463384316e-18,0.0,40.0
0.54,0.05,0.3401019959427227,0.38799733167250927,0.04789533572978655,0.05200273828657395,0.07999999999999999,0.2860815690224304,0.027997261713426036,0.0,1.7991267463384316e-18,0.0,40.0
0.54,0.1,0.3401019959427227,0.38799733167250927,0.04789533572978655,0.053111830923493586,0.07999999999999999,0.2860815690224304,0.026888169076506402,0.0,1.7991267463384316e-18,0.0,40.0
0.54,0.2,0.3401019959427227,0.38799733167250927,0.04789533572978655,0.05533001619733285,0.07999999999999999,0.2860815690224304,0.02466998380266714,0.0,1.7991267463384316e-18,0.0,40.0
0.72,0.05,0.34142416616115623,0.38792815345678944,0.04650398729563321,0.05162215107023461,0.08,0.2858434102574915,0.028377848929765394,0.0,1.7991267463384316e-18,0.0,40.0
0.72,0.1,0.34142416616115623,0.38792815345678944,0.04650398729563321,0.05273199312125062,0.08,0.2858434102574915,0.027268006878749383,0.0,1.7991267463384316e-18,0.0,40.0
0.72,0.2,0.34142416616115623,0.38792815345678944,0.04650398729563321,0.05495167722328263,0.08,0.2858434102574915,0.02504832277671737,0.0,1.7991267463384316e-18,0.0,40.0
0.9,0.05,0.34276338802834583,0.3878384186588092,0.045075030630463364,0.05123760379943631,0.08,0.2856021063860822,0.028762396200563693,0.0,1.7991267463384316e-18,0.0,40.0
0.9,0.1,0.34276338802834583,0.3878384186588092,0.045075030630463364,0.05234824712783911,0.08,0.2856021063860822,0.027651752872160894,0.0,1.7991267463384316e-18,0.0,40.0
0.9,0.2,0.34276338802834583,0.3878384186588092,0.045075030630463364,0.054569533784644686,0.08,0.2856021063860822,0.025430466215355316,0.0,1.7991267463384316e-18,0.0,40.0
